Workbook

Sheet calendar tábla
A1: Date | B1: Weekend | C1: Week Nr | D1: Cost Week | E1: Cost Month | F1: Cost Quarter
A2: 40910 | B2: =IF(WEEKDAY(A2,2)>5,"Y","N") -> N | C2: =_xlfn.ISOWEEKNUM(A2) -> 1 | D2: =YEAR(A2)&"W"&IF(C2<10,0&C2,C2) -> 2012W01 | E2: =VLOOKUP(D2,segédtábla!$A$2:$C$13,2) -> 2012M01 | F2: =VLOOKUP(D2,segédtábla!$A$2:$C$13,3) -> 2012Q1
A3: 40911 | B3: =IF(WEEKDAY(A3,2)>5,"Y","N") -> N | C3: =_xlfn.ISOWEEKNUM(A3) -> 1 | D3: =YEAR(A3)&"W"&IF(C3<10,0&C3,C3) -> 2012W01 | E3: =VLOOKUP(D3,segédtábla!$A$2:$C$13,2) -> 2012M01 | F3: =VLOOKUP(D3,segédtábla!$A$2:$C$13,3) -> 2012Q1
A4: 40912 | B4: =IF(WEEKDAY(A4,2)>5,"Y","N") -> N | C4: =_xlfn.ISOWEEKNUM(A4) -> 1 | D4: =YEAR(A4)&"W"&IF(C4<10,0&C4,C4) -> 2012W01 | E4: =VLOOKUP(D4,segédtábla!$A$2:$C$13,2) -> 2012M01 | F4: =VLOOKUP(D4,segédtábla!$A$2:$C$13,3) -> 2012Q1
A5: 40913 | B5: =IF(WEEKDAY(A5,2)>5,"Y","N") -> N | C5: =_xlfn.ISOWEEKNUM(A5) -> 1 | D5: =YEAR(A5)&"W"&IF(C5<10,0&C5,C5) -> 2012W01 | E5: =VLOOKUP(D5,segédtábla!$A$2:$C$13,2) -> 2012M01 | F5: =VLOOKUP(D5,segédtábla!$A$2:$C$13,3) -> 2012Q1
A6: 40914 | B6: =IF(WEEKDAY(A6,2)>5,"Y","N") -> N | C6: =_xlfn.ISOWEEKNUM(A6) -> 1 | D6: =YEAR(A6)&"W"&IF(C6<10,0&C6,C6) -> 2012W01 | E6: =VLOOKUP(D6,segédtábla!$A$2:$C$13,2) -> 2012M01 | F6: =VLOOKUP(D6,segédtábla!$A$2:$C$13,3) -> 2012Q1
A7: 40915 | B7: =IF(WEEKDAY(A7,2)>5,"Y","N") -> Y | C7: =_xlfn.ISOWEEKNUM(A7) -> 1 | D7: =YEAR(A7)&"W"&IF(C7<10,0&C7,C7) -> 2012W01 | E7: =VLOOKUP(D7,segédtábla!$A$2:$C$13,2) -> 2012M01 | F7: =VLOOKUP(D7,segédtábla!$A$2:$C$13,3) -> 2012Q1
A8: 40916 | B8: =IF(WEEKDAY(A8,2)>5,"Y","N") -> Y | C8: =_xlfn.ISOWEEKNUM(A8) -> 1 | D8: =YEAR(A8)&"W"&IF(C8<10,0&C8,C8) -> 2012W01 | E8: =VLOOKUP(D8,segédtábla!$A$2:$C$13,2) -> 2012M01 | F8: =VLOOKUP(D8,segédtábla!$A$2:$C$13,3) -> 2012Q1
A9: 40917 | B9: =IF(WEEKDAY(A9,2)>5,"Y","N") -> N | C9: =_xlfn.ISOWEEKNUM(A9) -> 2 | D9: =YEAR(A9)&"W"&IF(C9<10,0&C9,C9) -> 2012W02 | E9: =VLOOKUP(D9,segédtábla!$A$2:$C$13,2) -> 2012M01 | F9: =VLOOKUP(D9,segédtábla!$A$2:$C$13,3) -> 2012Q1
A10: 40918 | B10: =IF(WEEKDAY(A10,2)>5,"Y","N") -> N | C10: =_xlfn.ISOWEEKNUM(A10) -> 2 | D10: =YEAR(A10)&"W"&IF(C10<10,0&C10,C10) -> 2012W02 | E10: =VLOOKUP(D10,segédtábla!$A$2:$C$13,2) -> 2012M01 | F10: =VLOOKUP(D10,segédtábla!$A$2:$C$13,3) -> 2012Q1
A11: 40919 | B11: =IF(WEEKDAY(A11,2)>5,"Y","N") -> N | C11: =_xlfn.ISOWEEKNUM(A11) -> 2 | D11: =YEAR(A11)&"W"&IF(C11<10,0&C11,C11) -> 2012W02 | E11: =VLOOKUP(D11,segédtábla!$A$2:$C$13,2) -> 2012M01 | F11: =VLOOKUP(D11,segédtábla!$A$2:$C$13,3) -> 2012Q1
A12: 40920 | B12: =IF(WEEKDAY(A12,2)>5,"Y","N") -> N | C12: =_xlfn.ISOWEEKNUM(A12) -> 2 | D12: =YEAR(A12)&"W"&IF(C12<10,0&C12,C12) -> 2012W02 | E12: =VLOOKUP(D12,segédtábla!$A$2:$C$13,2) -> 2012M01 | F12: =VLOOKUP(D12,segédtábla!$A$2:$C$13,3) -> 2012Q1
A13: 40921 | B13: =IF(WEEKDAY(A13,2)>5,"Y","N") -> N | C13: =_xlfn.ISOWEEKNUM(A13) -> 2 | D13: =YEAR(A13)&"W"&IF(C13<10,0&C13,C13) -> 2012W02 | E13: =VLOOKUP(D13,segédtábla!$A$2:$C$13,2) -> 2012M01 | F13: =VLOOKUP(D13,segédtábla!$A$2:$C$13,3) -> 2012Q1
... A365: 41273 | B365: =IF(WEEKDAY(A365,2)>5,"Y","N") -> Y | C365: =_xlfn.ISOWEEKNUM(A365) -> 52 | D365: =YEAR(A365)&"W"&IF(C365<10,0&C365,C365) -> 2012W52 | E365: =VLOOKUP(D365,segédtábla!$A$2:$C$13,2) -> 2012M12 | F365: =VLOOKUP(D365,segédtábla!$A$2:$C$13,3) -> 2012Q4

Sheet segédtábla
A1: Start Week | B1: Cost Month | C1: Cost Quarter
A2: 2012W01 | B2: 2012M01 | C2: 2012Q1
A3: 2012W05 | B3: 2012M02 | C3: 2012Q1
A4: 2012W10 | B4: 2012M03 | C4: 2012Q1
A5: 2012W14 | B5: 2012M04 | C5: 2012Q2
A6: 2012W18 | B6: 2012M05 | C6: 2012Q2
A7: 2012W23 | B7: 2012M06 | C7: 2012Q2
A8: 2012W27 | B8: 2012M07 | C8: 2012Q3
A9: 2012W31 | B9: 2012M08 | C9: 2012Q3
A10: 2012W36 | B10: 2012M09 | C10: 2012Q3
A11: 2012W40 | B11: 2012M10 | C11: 2012Q4
A12: 2012W44 | B12: 2012M11 | C12: 2012Q4
A13: 2012W49 | B13: 2012M12 | C13: 2012Q4
